Condition,Method,RMSE,MAE,Rel_Error,PSNR,Corr,Crash_F1,Crash_Prec,Crash_Rec,Crash_Acc,Tamper_F1,Tamper_AUC
Random,Mean Imputation,1.0128430102205934,0.7858492841248157,1.000644832030484,10.74864270440929,-0.04496428230759124,—,—,—,—,—,—
Random,Standard RPCA,0.9800369671935645,0.75354413962366,0.968233888692665,11.034636257104966,0.8326519381276579,—,—,—,—,—,—
Random,MCDD (Ours),0.9781509779537501,0.756961719240299,0.9663706133705853,11.051367541251073,0.9196534826472688,—,—,—,—,—,—
Structured,Mean Imputation,1.0710440645351624,0.786225560339287,1.2273824491049186,6.432440307636561,-0.343948008716367,—,—,—,—,—,—
Structured,Standard RPCA,0.8680438147993954,0.6911555526187525,0.9947506163541979,8.25775414582428,0.5099317487477977,—,—,—,—,—,—
Structured,MCDD (Ours),0.6072792785133012,0.3800128456977547,0.695922747562972,11.360817834612437,0.713766888161376,1.000,1.000,1.000,1.000,—,—
Adversarial,Mean Imputation,1.1456801509922632,0.8569596746217312,1.3129130314783717,5.847319304205283,-0.3382202721833995,—,—,—,—,—,—
Adversarial,Standard RPCA,0.8680455261042811,0.6911763174810055,0.994752577455194,8.25773702204496,0.509153722770895,—,—,—,—,—,—
Adversarial,MCDD (Ours),0.6247134236376926,0.4366746318505662,0.7159017236381656,11.114970323098062,0.7079169850658478,1.000,1.000,1.000,1.000,0.795,0.987
