Condition,Method,RMSE,MAE,Rel_Error,Crash_F1,Tamper_F1
Random,Mean Imputation,1.0128430102205934,0.7858492841248157,1.000644832030484,—,—
Random,Standard RPCA,0.9803300381340146,0.7533112799380494,0.9685234300322614,—,—
Random,Fixed MCDD,0.9781509779537501,0.756961719240299,0.9663706133705853,—,—
Structured,Mean Imputation,1.0710440645351624,0.786225560339287,1.2273824491049186,—,—
Structured,Standard RPCA,0.8684152663219217,0.6914099708062854,0.9951762879904436,—,—
Structured,Fixed MCDD,0.47504208468044096,0.20813183811530805,0.5443831272955473,1.000,—
Adversarial,Mean Imputation,1.1456801509922632,0.8569596746217312,1.3129130314783717,—,—
Adversarial,Standard RPCA,0.8684142460203772,0.6914244610652555,0.9951751187573098,—,—
Adversarial,Fixed MCDD,0.5899266751660672,0.31827330349977084,0.6760372157721604,1.000,0.795
