Condition,Method,RMSE,MAE,Rel_Error,Crash_F1,Tamper_F1
Random,Mean Imputation,1.0128430102205934,0.7858492841248157,1.000644832030484,—,—
Random,Standard RPCA,0.9803300381340146,0.7533112799380494,0.9685234300322614,—,—
Random,MCDD (Ours),0.9781606318418794,0.7569404501786401,0.9663801509920802,—,—
Structured,Mean Imputation,1.0710440645351624,0.786225560339287,1.2273824491049186,—,—
Structured,Standard RPCA,0.8684152663219217,0.6914099708062854,0.9951762879904436,—,—
Structured,MCDD (Ours),0.4892448638598072,0.22985420186810487,0.5606590607239563,1.0,—
Adversarial,Mean Imputation,1.1456801509922632,0.8569596746217312,1.3129130314783717,—,—
Adversarial,Standard RPCA,0.8684142460203772,0.6914244610652555,0.9951751187573098,—,—
Adversarial,MCDD (Ours),0.4726470256469202,0.2247451545195102,0.5416384657828677,1.0,0.7950310559006211
